Sample.Name,location,Allele.1.105,Allele.2.105,Allele.1.128,Allele.2.128,Allele.1. 11,Allele.2. 11,Allele.1.113,Allele.2.113,Allele.1.213,Allele.2.213,Allele.1.  2,Allele.2.  2,Allele.1.  8,Allele.2.  8,Allele.1. 17,Allele.2. 17,Allele.1. 13,Allele.2. 13
scul379,Fairhaven Lake Ontario,332,332,318,332,204,222,132,138,331,331,236,245,102,102,105,114,230,233
scul352,Hamilton Lake Ontario,326,326,332,332,204,218,132,138,331,331,236,242,102,102,111,123,233,233
scul360,Hamilton Lake Ontario,326,332,324,346,204,222,132,138,331,331,236,248,102,102,108,126,233,233
scul353,Hamilton Lake Ontario,326,326,318,324,204,222,132,138,331,331,236,245,102,102,111,139,233,242
scul414,Fairhaven Lake Ontario,326,326,316,332,222,222,138,138,331,331,236,236,102,102,117,123,227,233
scul371,Hamilton Lake Ontario,326,326,332,332,222,222,138,138,331,331,236,245,102,102,123,142,233,233
scul356,Hamilton Lake Ontario,326,332,318,326,204,222,138,138,331,331,236,236,102,102,0,0,233,239
scul389,Fairhaven Lake Ontario,326,336,316,332,204,222,138,138,331,331,233,236,102,102,111,132,233,233
scul390,Fairhaven Lake Ontario,326,336,332,336,204,222,138,138,331,331,236,242,102,105,108,114,236,239
scul392,Fairhaven Lake Ontario,332,332,318,332,204,222,138,138,331,331,236,242,102,105,111,139,233,236
scul411,Fairhaven Lake Ontario,326,338,0,0,204,222,132,140,331,331,236,248,102,102,99,126,233,248
scul351,Hamilton Lake Ontario,326,332,318,332,204,224,138,138,331,331,236,242,102,105,114,129,233,233
scul367,Hamilton Lake Ontario,326,332,318,346,222,222,138,138,331,331,236,236,102,105,138,138,233,233
scul410,Fairhaven Lake Ontario,326,330,318,332,204,222,138,138,331,331,236,242,102,105,117,120,233,239
scul373,Hamilton Lake Ontario,326,326,322,350,222,224,132,138,331,331,236,236,102,105,0,0,227,233
scul408,Fairhaven Lake Ontario,332,332,316,348,222,222,132,132,331,331,236,236,102,102,111,123,233,236
scul412,Fairhaven Lake Ontario,326,326,318,332,204,222,138,138,331,331,236,236,102,102,120,123,227,233
scul385,Fairhaven Lake Ontario,326,332,320,332,222,222,138,138,331,331,236,245,102,102,117,138,233,247
scul388,Fairhaven Lake Ontario,326,330,318,318,216,222,138,138,331,331,236,239,102,102,126,132,233,233
scul381,Fairhaven Lake Ontario,326,326,324,332,210,222,138,140,331,331,236,242,102,102,93,129,233,242
scul386,Fairhaven Lake Ontario,326,332,332,332,222,222,138,138,331,331,236,242,102,102,105,129,233,233
scul387,Fairhaven Lake Ontario,326,338,332,332,204,204,138,140,331,331,236,248,102,102,111,132,230,233
scul409,Fairhaven Lake Ontario,326,326,318,332,218,222,138,138,331,331,236,242,102,105,105,111,233,233
scul377,Fairhaven Lake Ontario,326,332,316,318,204,210,138,138,331,331,236,245,102,102,105,138,233,233
scul382,Fairhaven Lake Ontario,332,332,332,332,222,226,138,138,331,331,233,242,102,102,111,114,233,233
scul368,Hamilton Lake Ontario,326,332,318,332,204,222,138,138,331,331,245,245,102,102,117,129,236,239
scul361,Hamilton Lake Ontario,326,326,318,332,222,222,138,138,331,331,233,236,102,102,114,114,221,233
scul369,Hamilton Lake Ontario,326,326,318,332,204,222,138,138,331,331,236,242,102,102,117,117,236,236
scul363,Hamilton Lake Ontario,326,326,318,332,204,218,132,138,331,331,236,245,102,105,108,111,233,236
scul413,Fairhaven Lake Ontario,326,326,318,324,204,222,138,138,331,331,239,245,102,102,114,117,227,233
scul365,Hamilton Lake Ontario,326,326,332,332,204,222,138,138,331,331,236,242,102,102,93,108,233,233
scul415,Fairhaven Lake Ontario,326,326,318,332,222,226,138,138,331,331,236,245,102,108,114,129,233,233
scul380,Fairhaven Lake Ontario,326,326,332,332,204,222,132,138,331,331,236,239,102,102,111,111,233,233
scul372,Hamilton Lake Ontario,326,326,316,318,204,222,138,138,331,331,236,236,102,102,93,105,233,236
scul355,Hamilton Lake Ontario,326,336,318,334,218,222,138,138,331,331,233,236,93,102,93,105,239,239
scul384,Fairhaven Lake Ontario,326,336,0,336,204,222,138,138,331,331,233,239,102,102,69,69,233,239
scul391,Fairhaven Lake Ontario,326,332,332,332,222,226,138,138,331,331,245,245,102,105,108,111,227,233
scul362,Hamilton Lake Ontario,326,326,318,332,222,222,138,140,331,331,236,242,102,102,111,114,227,233
scul358,Hamilton Lake Ontario,326,330,332,336,218,222,138,138,331,331,242,242,102,102,111,117,227,227
scul364,Hamilton Lake Ontario,326,332,318,332,218,222,138,138,331,331,236,239,102,102,102,102,233,233
scul374,Hamilton Lake Ontario,326,332,318,336,222,222,138,138,331,331,236,239,102,102,126,129,0,233
scul354,Hamilton Lake Ontario,326,326,318,334,204,204,132,138,331,331,236,236,102,102,96,120,233,236
scul383,Fairhaven Lake Ontario,326,326,326,332,204,222,132,138,331,331,242,242,102,102,114,120,233,239
scul378,Fairhaven Lake Ontario,326,326,318,318,222,222,138,138,331,331,239,245,102,105,111,120,233,236
scul370,Hamilton Lake Ontario,326,326,318,332,222,222,138,138,331,331,236,236,102,102,102,126,233,233
scul359,Hamilton Lake Ontario,332,332,318,332,222,222,138,138,331,331,236,242,102,102,117,117,233,236
scul357,Hamilton Lake Ontario,326,326,318,332,218,222,138,138,331,331,239,242,102,102,105,111,233,233
scul366,Hamilton Lake Ontario,326,330,318,324,204,218,138,138,331,331,236,236,102,105,108,123,233,236